{
	"Version": 3,
	"Parameters": [
		{
			"Id": "ParamAngleX",
			"GroupId": "ParamGroupFace",
			"Name": "角度 X"
		},
		{
			"Id": "ParamAngleY",
			"GroupId": "ParamGroupFace",
			"Name": "角度 Y"
		},
		{
			"Id": "ParamAngleZ",
			"GroupId": "ParamGroupFace",
			"Name": "角度 Z"
		},
		{
			"Id": "ParamCheek",
			"GroupId": "ParamGroupFace",
			"Name": "照れ"
		},
		{
			"Id": "ParamEyeLOpen",
			"GroupId": "ParamGroupEyes",
			"Name": "左目　開閉"
		},
		{
			"Id": "ParamEyeLSmile",
			"GroupId": "ParamGroupEyes",
			"Name": "左目　笑顔"
		},
		{
			"Id": "ParamEyeROpen",
			"GroupId": "ParamGroupEyes",
			"Name": "右目　開閉"
		},
		{
			"Id": "ParamEyeRSmile",
			"GroupId": "ParamGroupEyes",
			"Name": "右目　笑顔"
		},
		{
			"Id": "ParamEyeBallX",
			"GroupId": "ParamGroupEyeballs",
			"Name": "目玉 X"
		},
		{
			"Id": "ParamEyeBallY",
			"GroupId": "ParamGroupEyeballs",
			"Name": "目玉 Y"
		},
		{
			"Id": "ParamBrowLForm",
			"GroupId": "ParamGroupBrows",
			"Name": "左眉　変形"
		},
		{
			"Id": "ParamBrowRForm",
			"GroupId": "ParamGroupBrows",
			"Name": "右眉　変形"
		},
		{
			"Id": "ParamMouthForm",
			"GroupId": "ParamGroupMouth",
			"Name": "口　変形"
		},
		{
			"Id": "ParamMouthOpenY",
			"GroupId": "ParamGroupMouth",
			"Name": "口　開閉"
		},
		{
			"Id": "ParamBodyAngleX",
			"GroupId": "ParamGroupBody",
			"Name": "体の回転　X"
		},
		{
			"Id": "ParamBodyAngleY",
			"GroupId": "ParamGroupBody",
			"Name": "体の回転　Y"
		},
		{
			"Id": "ParamBodyAngleZ",
			"GroupId": "ParamGroupBody",
			"Name": "体の回転　Z"
		},
		{
			"Id": "ParamBreath",
			"GroupId": "ParamGroupBody",
			"Name": "呼吸"
		},
		{
			"Id": "ParamArmLA",
			"GroupId": "ParamGroupArms",
			"Name": "左腕 A"
		},
		{
			"Id": "ParamArmRA",
			"GroupId": "ParamGroupArms",
			"Name": "右腕 A"
		},
		{
			"Id": "ParamBustY",
			"GroupId": "ParamGroupSway",
			"Name": "胸　揺れ"
		},
		{
			"Id": "ParamHairAhoge",
			"GroupId": "ParamGroupSway",
			"Name": "髪揺れ　アホ毛"
		},
		{
			"Id": "ParamHairFront",
			"GroupId": "ParamGroupSway",
			"Name": "髪揺れ　前"
		},
		{
			"Id": "ParamHairSide",
			"GroupId": "ParamGroupSway",
			"Name": "髪揺れ　横"
		},
		{
			"Id": "ParamHairBack",
			"GroupId": "ParamGroupSway",
			"Name": "髪揺れ　後"
		},
		{
			"Id": "ParamHairSideUp",
			"GroupId": "ParamGroupSway",
			"Name": "サイドアップの揺れ"
		},
		{
			"Id": "ParamRibbon",
			"GroupId": "ParamGroupSway",
			"Name": "胸リボンの揺れ"
		},
		{
			"Id": "ParamSkirt",
			"GroupId": "ParamGroupSway",
			"Name": "スカートの揺れ"
		},
		{
			"Id": "ParamSideUpRibbon",
			"GroupId": "ParamGroupSway",
			"Name": "髪飾りの揺れ"
		}
	],
	"ParameterGroups": [
		{
			"Id": "ParamGroupFace",
			"GroupId": "",
			"Name": "顔"
		},
		{
			"Id": "ParamGroupEyes",
			"GroupId": "",
			"Name": "目"
		},
		{
			"Id": "ParamGroupEyeballs",
			"GroupId": "",
			"Name": "目玉"
		},
		{
			"Id": "ParamGroupBrows",
			"GroupId": "",
			"Name": "眉"
		},
		{
			"Id": "ParamGroupMouth",
			"GroupId": "",
			"Name": "口"
		},
		{
			"Id": "ParamGroupBody",
			"GroupId": "",
			"Name": "体"
		},
		{
			"Id": "ParamGroupArms",
			"GroupId": "",
			"Name": "腕"
		},
		{
			"Id": "ParamGroupSway",
			"GroupId": "",
			"Name": "揺れ"
		}
	],
	"Parts": [
		{
			"Id": "PartCore",
			"Name": "コア"
		},
		{
			"Id": "PartCheek",
			"Name": "頬"
		},
		{
			"Id": "PartBrow",
			"Name": "まゆ毛"
		},
		{
			"Id": "PartEye",
			"Name": "目"
		},
		{
			"Id": "PartNose",
			"Name": "鼻"
		},
		{
			"Id": "PartMouth",
			"Name": "口"
		},
		{
			"Id": "PartFace",
			"Name": "顔"
		},
		{
			"Id": "PartEar",
			"Name": "耳"
		},
		{
			"Id": "PartHairSide",
			"Name": "横髪"
		},
		{
			"Id": "PartHairFront",
			"Name": "前髪"
		},
		{
			"Id": "PartHairBack",
			"Name": "後ろ髪"
		},
		{
			"Id": "PartNeck",
			"Name": "首"
		},
		{
			"Id": "PartBody",
			"Name": "体"
		},
		{
			"Id": "PartArmA",
			"Name": "腕 A"
		},
		{
			"Id": "PartBackground",
			"Name": "背景"
		},
		{
			"Id": "PartSketch",
			"Name": "[ 下絵 ]"
		},
		{
			"Id": "PartEyeBall",
			"Name": "目玉"
		}
	],
	"CombinedParameters": [
		[
			"ParamAngleX",
			"ParamAngleY"
		],
		[
			"ParamEyeBallX",
			"ParamEyeBallY"
		],
		[
			"ParamMouthForm",
			"ParamMouthOpenY"
		]
	]
}